<?xml version="1.0" encoding="UTF-8"?>
<project-private xmlns="http://www.netbeans.org/ns/project-private/1">
    <editor-bookmarks xmlns="http://www.netbeans.org/ns/editor-bookmarks/2" lastBookmarkId="0"/>
    <open-files xmlns="http://www.netbeans.org/ns/projectui-open-files/2">
        <group>
            <file>file:/home/bosque/NetBeansProjects/pruebaHashMap/src/pruebahashmap/MainLista.java</file>
            <file>file:/home/bosque/NetBeansProjects/pruebaHashMap/src/pruebahashmap/PilotoHashmap.java</file>
            <file>file:/home/bosque/NetBeansProjects/pruebaHashMap/src/pruebahashmap/MainHashmap.java</file>
            <file>file:/home/bosque/NetBeansProjects/pruebaHashMap/src/pruebahashmap/PilotoList.java</file>
            <file>file:/home/bosque/NetBeansProjects/pruebaHashMap/src/pruebahashmap/Piloto.java</file>
        </group>
    </open-files>
</project-private>
